productId,sku,brand,name,categoryIds,shortDescription,description,imageType,imageIndex,targetPath,fileName,searchQuery,url,status,notes
1,NW-AU-HP-001,NovaWare,Premium Headphones,audio|accessories,Noise-cancelling wireless headphones with deep bass and 40h battery.,"Premium over-ear wireless headphones featuring active noise cancellation, gaming low-latency mode and comfortable memory foam earcups.",main,0,techware-api/imgs/p001/main.jpg,main.jpg,NovaWare Premium Headphones official product photo Noise-cancelling wireless headphones with deep bass and 40h battery. audio accessories,https://m.media-amazon.com/images/I/61RahTQtAqL.jpg,approved,Use official brand product page or press kit image URL.
1,NW-AU-HP-001,NovaWare,Premium Headphones,audio|accessories,Noise-cancelling wireless headphones with deep bass and 40h battery.,"Premium over-ear wireless headphones featuring active noise cancellation, gaming low-latency mode and comfortable memory foam earcups.",gallery,1,techware-api/imgs/p001/g1.jpg,g1.jpg,NovaWare Premium Headphones official gallery photo Noise-cancelling wireless headphones with deep bass and 40h battery. audio accessories,"https://m.media-amazon.com/images/I/61RahTQtAqL._AC_UF1000,1000_QL80_.jpg",approved,Use official brand product page or press kit image URL.
1,NW-AU-HP-001,NovaWare,Premium Headphones,audio|accessories,Noise-cancelling wireless headphones with deep bass and 40h battery.,"Premium over-ear wireless headphones featuring active noise cancellation, gaming low-latency mode and comfortable memory foam earcups.",gallery,2,techware-api/imgs/p001/g2.jpg,g2.jpg,NovaWare Premium Headphones official gallery photo Noise-cancelling wireless headphones with deep bass and 40h battery. audio accessories,"https://m.media-amazon.com/images/I/511c23mDjoL._AC_UF1000,1000_QL80_.jpg",approved,Use official brand product page or press kit image URL.
2,NW-LT-014,NovaWare,NovaBook Air 14,computers|laptops,"Ultra-thin 14"" laptop with Ryzen 7 and 16GB RAM.","Powerful ultrabook with Ryzen 7 processor, 16GB RAM and 512GB NVMe SSD designed for productivity and portability.",main,0,techware-api/imgs/p002/main.jpg,main.jpg,"NovaWare NovaBook Air 14 official product photo Ultra-thin 14"" laptop with Ryzen 7 and 16GB RAM. computers laptops",https://apiv2.exceldisc.com/media/86705/lenovo-thinkbook-14-gen-7-2024-laptop.jpg,approved,Use official brand product page or press kit image URL.
3,NW-MN-27G,NovaWare,NovaView 27 Gaming Monitor,monitors|gaming,"27"" QHD IPS monitor with 165Hz refresh rate.",High-performance gaming monitor with ultra-smooth 165Hz refresh rate and vibrant IPS panel.,main,0,techware-api/imgs/p003/main.jpg,main.jpg,"NovaWare NovaView 27 Gaming Monitor official product photo 27"" QHD IPS monitor with 165Hz refresh rate. monitors gaming",https://arozzi.com/cdn/shop/files/AZ-NO-27T2K180-BK-02.jpg?v=1769157435&width=1500,approved,Use official brand product page or press kit image URL.
4,KC-K8P-RGB,Keychron,Keychron K8 Pro Wireless Mechanical Keyboard,keyboards|accessories,Hot-swappable TKL mechanical keyboard with Bluetooth and QMK/VIA support.,"The Keychron K8 Pro is a tenkeyless mechanical keyboard with wired and Bluetooth modes, hot-swappable switches, and full QMK/VIA customization.",main,0,techware-api/imgs/p004/main.jpg,main.jpg,Keychron Keychron K8 Pro Wireless Mechanical Keyboard official product photo Hot-swappable TKL mechanical keyboard with Bluetooth and QMK/VIA support. keyboards accessories,"https://m.media-amazon.com/images/I/61Q7FIUkqDL._AC_UF894,1000_QL80_.jpg",approved,Use official brand product page or press kit image URL.
4,KC-K8P-RGB,Keychron,Keychron K8 Pro Wireless Mechanical Keyboard,keyboards|accessories,Hot-swappable TKL mechanical keyboard with Bluetooth and QMK/VIA support.,"The Keychron K8 Pro is a tenkeyless mechanical keyboard with wired and Bluetooth modes, hot-swappable switches, and full QMK/VIA customization.",gallery,1,techware-api/imgs/p004/g1.jpg,g1.jpg,Keychron Keychron K8 Pro Wireless Mechanical Keyboard official gallery photo Hot-swappable TKL mechanical keyboard with Bluetooth and QMK/VIA support. keyboards accessories,https://i.ytimg.com/vi/giCppUqr4J0/maxresdefault.jpg,approved,Use official brand product page or press kit image URL.
4,KC-K8P-RGB,Keychron,Keychron K8 Pro Wireless Mechanical Keyboard,keyboards|accessories,Hot-swappable TKL mechanical keyboard with Bluetooth and QMK/VIA support.,"The Keychron K8 Pro is a tenkeyless mechanical keyboard with wired and Bluetooth modes, hot-swappable switches, and full QMK/VIA customization.",gallery,2,techware-api/imgs/p004/g2.jpg,g2.jpg,Keychron Keychron K8 Pro Wireless Mechanical Keyboard official gallery photo Hot-swappable TKL mechanical keyboard with Bluetooth and QMK/VIA support. keyboards accessories,"https://res.cloudinary.com/jerrick/image/upload/d_642250b563292b35f27461a7.png,f_jpg,fl_progressive,q_auto,w_1024/6411a00df6546e001d6a1a0d.jpg",approved,Use official brand product page or press kit image URL.
5,LOG-GPX2-BLK,Logitech,Logitech G PRO X SUPERLIGHT 2,mice|gaming,Ultra-light esports mouse with HERO 2 sensor and LIGHTSPEED wireless.,"The Logitech G PRO X SUPERLIGHT 2 is an esports-focused wireless mouse with a lightweight shell, HERO 2 sensor, and pro-level low-latency performance.",main,0,techware-api/imgs/p005/main.jpg,main.jpg,Logitech Logitech G PRO X SUPERLIGHT 2 official product photo Ultra-light esports mouse with HERO 2 sensor and LIGHTSPEED wireless. mice gaming,https://reformdlab.co/cdn/shop/files/pro-x-superlight-2-dex-black-gallery-1.webp?v=1730877273,approved,Use official brand product page or press kit image URL.
6,SMS-990PRO-1TB,Samsung,Samsung 990 PRO 1TB NVMe SSD,storage|components,PCIe 4.0 M.2 SSD with high sequential read and write speeds.,"Samsung 990 PRO 1TB is a premium PCIe 4.0 NVMe SSD designed for gaming, content creation, and fast application load times.",main,0,techware-api/imgs/p006/main.jpg,main.jpg,Samsung Samsung 990 PRO 1TB NVMe SSD official product photo PCIe 4.0 M.2 SSD with high sequential read and write speeds. storage components,https://www.pbtech.co.nz/imgprod/H/D/HDDSAM990100__6.jpg,approved,Use official brand product page or press kit image URL.
6,SMS-990PRO-1TB,Samsung,Samsung 990 PRO 1TB NVMe SSD,storage|components,PCIe 4.0 M.2 SSD with high sequential read and write speeds.,"Samsung 990 PRO 1TB is a premium PCIe 4.0 NVMe SSD designed for gaming, content creation, and fast application load times.",gallery,1,techware-api/imgs/p006/g1.jpg,g1.jpg,Samsung Samsung 990 PRO 1TB NVMe SSD official gallery photo PCIe 4.0 M.2 SSD with high sequential read and write speeds. storage components,"https://m.media-amazon.com/images/I/71cjE5obpjL._AC_UF350,350_QL80_.jpg",approved,Use official brand product page or press kit image URL.
7,ASUS-RTAX88U-PRO,ASUS,ASUS RT-AX88U Pro,networking|smart-home,Dual-band Wi-Fi 6 router with 2.5G port and AiMesh support.,"ASUS RT-AX88U Pro is a high-performance Wi-Fi 6 router with strong coverage, 2.5G networking, and advanced ASUSWRT features.",main,0,techware-api/imgs/p007/main.jpg,main.jpg,ASUS ASUS RT-AX88U Pro official product photo Dual-band Wi-Fi 6 router with 2.5G port and AiMesh support. networking smart-home,https://dlcdnwebimgs.asus.com/gain/ae605e6b-39c1-4646-9f00-c87a0e653450/,approved,Use official brand product page or press kit image URL.
8,PH-HUE-A19-4PK,Philips Hue,Philips Hue White and Color Ambiance A19 4-Pack,smart-home|accessories,Smart color bulbs with Hue app control and voice assistant support.,"Philips Hue A19 White and Color Ambiance bulbs offer customizable scenes, automations, and broad smart-home ecosystem compatibility.",main,0,techware-api/imgs/p008/main.jpg,main.jpg,Philips Hue Philips Hue White and Color Ambiance A19 4-Pack official product photo Smart color bulbs with Hue app control and voice assistant support. smart-home accessories,https://i5.walmartimages.com/seo/Philips-Hue-White-and-Color-Ambiance-4-Pack-A19-75W-Smart-LED-Starter-Kit_37880274-5ff1-43c6-aa96-2316700ac98e.35cbd539d74f3cc262c30b4f7793516e.jpeg?odnHeight=612&odnWidth=612&odnBg=FFFFFF,approved,Use official brand product page or press kit image URL.
8,PH-HUE-A19-4PK,Philips Hue,Philips Hue White and Color Ambiance A19 4-Pack,smart-home|accessories,Smart color bulbs with Hue app control and voice assistant support.,"Philips Hue A19 White and Color Ambiance bulbs offer customizable scenes, automations, and broad smart-home ecosystem compatibility.",gallery,1,techware-api/imgs/p008/g1.jpg,g1.jpg,Philips Hue Philips Hue White and Color Ambiance A19 4-Pack official gallery photo Smart color bulbs with Hue app control and voice assistant support. smart-home accessories,https://i5.walmartimages.com/asr/77679de2-eef3-4396-b7c6-3d2586a661dd.42a9abced455b2c557fd1551aee7327b.jpeg?odnHeight=640&odnWidth=640&odnBg=FFFFFF,approved,Use official brand product page or press kit image URL.
9,SMS-GTABS9-11,Samsung,"Samsung Galaxy Tab S9 11""",tablets|computers,11-inch AMOLED tablet with Snapdragon 8 Gen 2 and S Pen included.,"Samsung Galaxy Tab S9 features a Dynamic AMOLED 2X display, flagship chipset, and S Pen support for productivity and media.",main,0,techware-api/imgs/p009/main.jpg,main.jpg,"Samsung Samsung Galaxy Tab S9 11"" official product photo 11-inch AMOLED tablet with Snapdragon 8 Gen 2 and S Pen included. tablets computers",https://www.jbhifi.com.au/cdn/shop/files/655507-Product-0-I-638524494007632462.jpg?v=1717558858,approved,Use official brand product page or press kit image URL.
9,SMS-GTABS9-11,Samsung,"Samsung Galaxy Tab S9 11""",tablets|computers,11-inch AMOLED tablet with Snapdragon 8 Gen 2 and S Pen included.,"Samsung Galaxy Tab S9 features a Dynamic AMOLED 2X display, flagship chipset, and S Pen support for productivity and media.",gallery,1,techware-api/imgs/p009/g1.jpg,g1.jpg,"Samsung Samsung Galaxy Tab S9 11"" official gallery photo 11-inch AMOLED tablet with Snapdragon 8 Gen 2 and S Pen included. tablets computers",https://www.jbhifi.com.au/cdn/shop/files/655507-Product-3-I-638488519226503127.jpg?v=1717558858,approved,Use official brand product page or press kit image URL.
9,SMS-GTABS9-11,Samsung,"Samsung Galaxy Tab S9 11""",tablets|computers,11-inch AMOLED tablet with Snapdragon 8 Gen 2 and S Pen included.,"Samsung Galaxy Tab S9 features a Dynamic AMOLED 2X display, flagship chipset, and S Pen support for productivity and media.",gallery,2,techware-api/imgs/p009/g2.jpg,g2.jpg,"Samsung Samsung Galaxy Tab S9 11"" official gallery photo 11-inch AMOLED tablet with Snapdragon 8 Gen 2 and S Pen included. tablets computers",https://www.jbhifi.com.au/cdn/shop/files/655507-Product-1-I-638488519208735705.jpg?v=1717558858,approved,Use official brand product page or press kit image URL.
10,GGL-PIX8PRO-256,Google,Google Pixel 8 Pro,phones|accessories,Flagship Android phone with Tensor G3 and advanced AI camera features.,"Google Pixel 8 Pro combines a bright LTPO OLED display, Tensor G3 performance, and one of the best computational photography experiences.",main,0,techware-api/imgs/p010/main.jpg,main.jpg,Google Google Pixel 8 Pro official product photo Flagship Android phone with Tensor G3 and advanced AI camera features. phones accessories,https://stratanetworks.com/wp-content/uploads/2023/12/Google-8-Pro-Porcelain.png,approved,Use official brand product page or press kit image URL.
11,ANK-735-65W,Anker,Anker 735 Charger (Nano II 65W),charging|accessories,Compact GaN charger with 2x USB-C and 1x USB-A ports.,"Anker 735 (Nano II 65W) is a compact multi-port GaN wall charger suitable for phones, tablets, and many USB-C laptops.",main,0,techware-api/imgs/p011/main.jpg,main.jpg,Anker Anker 735 Charger (Nano II 65W) official product photo Compact GaN charger with 2x USB-C and 1x USB-A ports. charging accessories,https://cdn.shopify.com/s/files/1/0595/4034/0926/products/A2667311-Anker_735_Charger_Nano_II_65W.png?v=1758191630,approved,Use official brand product page or press kit image URL.
11,ANK-735-65W,Anker,Anker 735 Charger (Nano II 65W),charging|accessories,Compact GaN charger with 2x USB-C and 1x USB-A ports.,"Anker 735 (Nano II 65W) is a compact multi-port GaN wall charger suitable for phones, tablets, and many USB-C laptops.",gallery,1,techware-api/imgs/p011/g1.jpg,g1.jpg,Anker Anker 735 Charger (Nano II 65W) official gallery photo Compact GaN charger with 2x USB-C and 1x USB-A ports. charging accessories,https://cdn.shopify.com/s/files/1/0493/9834/9974/products/A2667111_TD06_V4.jpg?v=1753949913,approved,Use official brand product page or press kit image URL.
12,CBM-TB4-2M,Cable Matters,Cable Matters Thunderbolt 4 Cable 2m,cables|accessories,Thunderbolt 4 cable with 40Gbps bandwidth and 100W charging.,"Cable Matters Thunderbolt 4 cable supports high-speed data, high-resolution displays, and USB-C Power Delivery up to 100W.",main,0,techware-api/imgs/p012/main.jpg,main.jpg,Cable Matters Cable Matters Thunderbolt 4 Cable 2m official product photo Thunderbolt 4 cable with 40Gbps bandwidth and 100W charging. cables accessories,https://m.media-amazon.com/images/I/71OJqY+IhDL.jpg,approved,Use official brand product page or press kit image URL.
13,APL-MBA-M3-13,Apple,Apple MacBook Air 13-inch (M3),computers|laptops,Thin and light laptop with Apple M3 chip and all-day battery life.,"MacBook Air 13-inch with Apple M3 delivers fast everyday performance, excellent battery life, and a lightweight aluminum design.",main,0,techware-api/imgs/p013/main.jpg,main.jpg,Apple Apple MacBook Air 13-inch (M3) official product photo Thin and light laptop with Apple M3 chip and all-day battery life. computers laptops,https://cdsassets.apple.com/live/7WUAS350/images/tech-specs/mba_13_m3_2024_hero.png,approved,Use official brand product page or press kit image URL.
13,APL-MBA-M3-13,Apple,Apple MacBook Air 13-inch (M3),computers|laptops,Thin and light laptop with Apple M3 chip and all-day battery life.,"MacBook Air 13-inch with Apple M3 delivers fast everyday performance, excellent battery life, and a lightweight aluminum design.",gallery,1,techware-api/imgs/p013/g1.jpg,g1.jpg,Apple Apple MacBook Air 13-inch (M3) official gallery photo Thin and light laptop with Apple M3 chip and all-day battery life. computers laptops,https://www.apple.com/newsroom/images/2024/03/apple-unveils-the-new-13-and-15-inch-macbook-air-with-the-powerful-m3-chip/article/Apple-MacBook-Air-2-up-hero-240304_big.jpg.large.jpg,approved,Use official brand product page or press kit image URL.
14,APP-IP15-128,Apple,Apple iPhone 15,phones|accessories,"6.1-inch iPhone with A16 Bionic, USB-C, and 48MP main camera.","iPhone 15 features a bright Super Retina XDR display, Dynamic Island, powerful A16 Bionic chip, and strong all-round camera performance.",main,0,techware-api/imgs/p014/main.jpg,main.jpg,"Apple Apple iPhone 15 official product photo 6.1-inch iPhone with A16 Bionic, USB-C, and 48MP main camera. phones accessories",https://miguiatecno.com/wp-content/uploads/2024/11/Apple-iPhone-15-Plus.jpg,approved,Use official brand product page or press kit image URL.
15,SMS-S24-256,Samsung,Samsung Galaxy S24,phones|gaming,Compact flagship Android phone with bright display and Galaxy AI features.,"Galaxy S24 combines a smooth AMOLED display, flagship-grade cameras, and powerful performance in a compact body.",main,0,techware-api/imgs/p015/main.jpg,main.jpg,Samsung Samsung Galaxy S24 official product photo Compact flagship Android phone with bright display and Galaxy AI features. phones gaming,https://fixit.mk/wp-content/uploads/2024/03/Galaxy-S24.jpg,approved,Use official brand product page or press kit image URL.
15,SMS-S24-256,Samsung,Samsung Galaxy S24,phones|gaming,Compact flagship Android phone with bright display and Galaxy AI features.,"Galaxy S24 combines a smooth AMOLED display, flagship-grade cameras, and powerful performance in a compact body.",gallery,1,techware-api/imgs/p015/g1.jpg,g1.jpg,Samsung Samsung Galaxy S24 official gallery photo Compact flagship Android phone with bright display and Galaxy AI features. phones gaming,https://ibuymobile.mk/wp-content/uploads/2024/01/s24-.jpg,approved,Use official brand product page or press kit image URL.
16,SON-WH1000XM5,Sony,Sony WH-1000XM5,audio|accessories,Wireless noise-canceling headphones with premium comfort and sound.,"Sony WH-1000XM5 headphones deliver class-leading ANC, rich sound tuning, and long battery life for travel and daily use.",main,0,techware-api/imgs/p016/main.jpg,main.jpg,Sony Sony WH-1000XM5 official product photo Wireless noise-canceling headphones with premium comfort and sound. audio accessories,"https://m.media-amazon.com/images/I/61BGLYEN-xL._AC_UF894,1000_QL80_.jpg",approved,Use official brand product page or press kit image URL.
16,SON-WH1000XM5,Sony,Sony WH-1000XM5,audio|accessories,Wireless noise-canceling headphones with premium comfort and sound.,"Sony WH-1000XM5 headphones deliver class-leading ANC, rich sound tuning, and long battery life for travel and daily use.",gallery,1,techware-api/imgs/p016/g1.jpg,g1.jpg,Sony Sony WH-1000XM5 official gallery photo Wireless noise-canceling headphones with premium comfort and sound. audio accessories,https://metapod.com/cdn/shop/files/sony-wh-1000xm5-noise-cancelling-wireless-headphones-34338795192516.jpg?v=1768544935&width=1500,approved,Use official brand product page or press kit image URL.
16,SON-WH1000XM5,Sony,Sony WH-1000XM5,audio|accessories,Wireless noise-canceling headphones with premium comfort and sound.,"Sony WH-1000XM5 headphones deliver class-leading ANC, rich sound tuning, and long battery life for travel and daily use.",gallery,2,techware-api/imgs/p016/g2.jpg,g2.jpg,Sony Sony WH-1000XM5 official gallery photo Wireless noise-canceling headphones with premium comfort and sound. audio accessories,https://cdn.shopify.com/s/files/1/0397/7166/8635/files/WH1000XM5PinkMAIN.png?v=1761235815,approved,Use official brand product page or press kit image URL.
17,LOG-MXK3S,Logitech,Logitech MX Keys S,keyboards|computers,Low-profile wireless keyboard for productivity with smart backlighting.,"Logitech MX Keys S is a full-size keyboard with comfortable typing, multi-device support, and USB-C rechargeable battery.",main,0,techware-api/imgs/p017/main.jpg,main.jpg,Logitech Logitech MX Keys S official product photo Low-profile wireless keyboard for productivity with smart backlighting. keyboards computers,https://image.coolblue.nl/480x360/products/1985841,approved,Use official brand product page or press kit image URL.
18,WD-BLKSN770-2T,Western Digital,WD_BLACK SN770 2TB NVMe SSD,storage|gaming,PCIe 4.0 NVMe SSD optimized for gaming and fast load times.,"WD_BLACK SN770 2TB offers strong Gen4 performance for game libraries, creative apps, and responsive system upgrades.",main,0,techware-api/imgs/p018/main.jpg,main.jpg,Western Digital WD_BLACK SN770 2TB NVMe SSD official product photo PCIe 4.0 NVMe SSD optimized for gaming and fast load times. storage gaming,https://m.media-amazon.com/images/I/71Sr1zjPhwL.jpg,approved,Use official brand product page or press kit image URL.
18,WD-BLKSN770-2T,Western Digital,WD_BLACK SN770 2TB NVMe SSD,storage|gaming,PCIe 4.0 NVMe SSD optimized for gaming and fast load times.,"WD_BLACK SN770 2TB offers strong Gen4 performance for game libraries, creative apps, and responsive system upgrades.",gallery,1,techware-api/imgs/p018/g1.jpg,g1.jpg,Western Digital WD_BLACK SN770 2TB NVMe SSD official gallery photo PCIe 4.0 NVMe SSD optimized for gaming and fast load times. storage gaming,"https://media.officedepot.com/images/f_auto,q_auto,e_sharpen,h_450/products/8889519/8889519_o02/8889519",approved,Use official brand product page or press kit image URL.
19,TPL-DECOXE75-3PK,TP-Link,TP-Link Deco XE75 (3-Pack),networking|smart-home,Tri-band Wi-Fi 6E mesh system for large homes and many devices.,"Deco XE75 provides whole-home mesh coverage with a 6GHz band, simple app setup, and reliable roaming.",main,0,techware-api/imgs/p019/main.jpg,main.jpg,TP-Link TP-Link Deco XE75 (3-Pack) official product photo Tri-band Wi-Fi 6E mesh system for large homes and many devices. networking smart-home,"https://m.media-amazon.com/images/I/61LNPRm+ZYL._AC_UF1000,1000_QL80_.jpg",approved,Use official brand product page or press kit image URL.
20,NIN-SWITCH-OLED,Nintendo,Nintendo Switch - OLED Model,gaming|accessories,Hybrid handheld/TV console with vivid 7-inch OLED screen.,"Nintendo Switch OLED model features a larger vibrant display, improved kickstand, and flexible play modes at home or on the go.",main,0,techware-api/imgs/p020/main.jpg,main.jpg,Nintendo Nintendo Switch - OLED Model official product photo Hybrid handheld/TV console with vivid 7-inch OLED screen. gaming accessories,https://www.anhoch.com/storage/media/nswoledwht.jpg,approved,Use official brand product page or press kit image URL.
20,NIN-SWITCH-OLED,Nintendo,Nintendo Switch - OLED Model,gaming|accessories,Hybrid handheld/TV console with vivid 7-inch OLED screen.,"Nintendo Switch OLED model features a larger vibrant display, improved kickstand, and flexible play modes at home or on the go.",gallery,1,techware-api/imgs/p020/g1.jpg,g1.jpg,Nintendo Nintendo Switch - OLED Model official gallery photo Hybrid handheld/TV console with vivid 7-inch OLED screen. gaming accessories,"https://assets.nintendo.com/image/upload/f_auto/q_auto/dpr_1.5/c_scale,w_500/ncom/en_US/switch/site-design-update/photo01",approved,Use official brand product page or press kit image URL.
21,BEL-BOOSTPRO3IN1,Belkin,Belkin BoostCharge Pro 3-in-1 Magnetic Charger,charging|accessories,"3-in-1 stand charger for iPhone, Apple Watch, and AirPods.",Belkin BoostCharge Pro 3-in-1 offers tidy bedside charging with magnetic alignment and simultaneous charging for Apple devices.,main,0,techware-api/imgs/p021/main.jpg,main.jpg,"Belkin Belkin BoostCharge Pro 3-in-1 Magnetic Charger official product photo 3-in-1 stand charger for iPhone, Apple Watch, and AirPods. charging accessories",https://m.media-amazon.com/images/I/61D9QUSf2CL.jpg,approved,Use official brand product page or press kit image URL.
22,BOS-QCUH-BLK,Bose,Bose QuietComfort Ultra Headphones,audio|phones,Premium wireless noise-cancelling headphones with immersive audio.,"Bose QuietComfort Ultra Headphones deliver strong active noise cancellation, premium comfort, and spatial audio features for music and calls.",main,0,techware-api/imgs/p022/main.jpg,main.jpg,Bose Bose QuietComfort Ultra Headphones official product photo Premium wireless noise-cancelling headphones with immersive audio. audio phones,"https://m.media-amazon.com/images/I/51ZR4lyxBHL._AC_UF894,1000_QL80_.jpg",approved,Use official brand product page or press kit image URL.
22,BOS-QCUH-BLK,Bose,Bose QuietComfort Ultra Headphones,audio|phones,Premium wireless noise-cancelling headphones with immersive audio.,"Bose QuietComfort Ultra Headphones deliver strong active noise cancellation, premium comfort, and spatial audio features for music and calls.",gallery,1,techware-api/imgs/p022/g1.jpg,g1.jpg,Bose Bose QuietComfort Ultra Headphones official gallery photo Premium wireless noise-cancelling headphones with immersive audio. audio phones,https://i5.walmartimages.com/seo/Bose-QuietComfort-Ultra-Headphones-Noise-Cancelling-Over-Ear-Wireless-Bluetooth-Headphones-White-Smoke_aa84a70d-cca7-4e62-bcfa-a8f80bacee17.0da248a556fef8f6da8e9c14a0cbd227.jpeg,approved,Use official brand product page or press kit image URL.
23,APL-AIRPODS-PRO2,Apple,Apple AirPods Pro (2nd generation),audio|phones|charging,True wireless earbuds with Adaptive Audio and USB-C charging case.,"AirPods Pro (2nd generation) combine strong active noise cancelation, rich sound, and seamless Apple ecosystem integration.",main,0,techware-api/imgs/p023/main.jpg,main.jpg,Apple Apple AirPods Pro (2nd generation) official product photo True wireless earbuds with Adaptive Audio and USB-C charging case. audio phones charging,https://phones-mk-images.s3.eu-central-1.amazonaws.com/89264/apple_airpods_pro_2.jpg,approved,Use official brand product page or press kit image URL.
24,DLL-XPS13-9340,Dell,Dell XPS 13 (9340),laptops|computers|components,Compact premium laptop with Intel Core Ultra and slim InfinityEdge display.,"Dell XPS 13 offers premium build quality, modern Intel Core Ultra performance, and excellent portability for work and study.",main,0,techware-api/imgs/p024/main.jpg,main.jpg,Dell Dell XPS 13 (9340) official product photo Compact premium laptop with Intel Core Ultra and slim InfinityEdge display. laptops computers components,"https://i.dell.com/is/image/DellContent/content/dam/ss2/product-images/dell-client-products/notebooks/xps-notebooks/13-9340/media-gallery/silver/touch/notebook-xps-13-9340-t-sl-gallery-2.psd?fmt=png-alpha&pscan=auto&scl=1&hei=320&wid=541&qlt=100,1&resMode=sharp2&size=541,320&chrss=full",approved,Use official brand product page or press kit image URL.
24,DLL-XPS13-9340,Dell,Dell XPS 13 (9340),laptops|computers|components,Compact premium laptop with Intel Core Ultra and slim InfinityEdge display.,"Dell XPS 13 offers premium build quality, modern Intel Core Ultra performance, and excellent portability for work and study.",gallery,1,techware-api/imgs/p024/g1.jpg,g1.jpg,Dell Dell XPS 13 (9340) official gallery photo Compact premium laptop with Intel Core Ultra and slim InfinityEdge display. laptops computers components,https://i.dell.com/is/image/DellContent/content/dam/ss2/product-images/dell-client-products/notebooks/xps-notebooks/13-9340/spi/13-9340-oled/silver/notebook-xps-13-9340-oled-silver-campaign-hero-504x350-ng.psd?fmt=jpg&wid=570&hei=400,approved,Use official brand product page or press kit image URL.
25,LEN-T14-G5,Lenovo,Lenovo ThinkPad T14 Gen 5,laptops|storage,Business laptop with durable chassis and excellent keyboard.,"ThinkPad T14 Gen 5 is built for productivity with strong performance, enterprise reliability, and upgrade-friendly design.",main,0,techware-api/imgs/p025/main.jpg,main.jpg,Lenovo Lenovo ThinkPad T14 Gen 5 official product photo Business laptop with durable chassis and excellent keyboard. laptops storage,https://p3-ofp.static.pub//fes/cms/2024/04/29/ikn2t6lun9udtvltruq2e6lp6yb30g570931.png,approved,Use official brand product page or press kit image URL.
26,LG-27GP850B,LG,LG UltraGear 27GP850-B,monitors|cables,27-inch QHD Nano IPS monitor with 165Hz refresh rate.,LG UltraGear 27GP850-B is a fast QHD gaming monitor with strong color performance and smooth adaptive sync support.,main,0,techware-api/imgs/p026/main.jpg,main.jpg,LG LG UltraGear 27GP850-B official product photo 27-inch QHD Nano IPS monitor with 165Hz refresh rate. monitors cables,"https://m.media-amazon.com/images/I/71PVdlAD4lL._AC_UF1000,1000_QL80_.jpg",approved,Use official brand product page or press kit image URL.
26,LG-27GP850B,LG,LG UltraGear 27GP850-B,monitors|cables,27-inch QHD Nano IPS monitor with 165Hz refresh rate.,LG UltraGear 27GP850-B is a fast QHD gaming monitor with strong color performance and smooth adaptive sync support.,gallery,1,techware-api/imgs/p026/g1.jpg,g1.jpg,LG LG UltraGear 27GP850-B official gallery photo 27-inch QHD Nano IPS monitor with 165Hz refresh rate. monitors cables,"https://m.media-amazon.com/images/I/71LAZaOcRdL._AC_UF350,350_QL80_.jpg",approved,Use official brand product page or press kit image URL.
27,DLL-U2723QE,Dell,Dell UltraSharp U2723QE,monitors|components,27-inch 4K IPS Black monitor with USB-C hub and ergonomic stand.,Dell U2723QE is a productivity-focused 4K monitor with excellent color consistency and versatile connectivity.,main,0,techware-api/imgs/p027/main.jpg,main.jpg,Dell Dell UltraSharp U2723QE official product photo 27-inch 4K IPS Black monitor with USB-C hub and ergonomic stand. monitors components,https://setra.mk/wp-content/uploads/2023/07/Dell-UltraSharp-U2723QE-6-600x600.jpg,approved,Use official brand product page or press kit image URL.
28,ASU-PA278QV,ASUS,ASUS ProArt Display PA278QV,monitors|cables,27-inch QHD monitor calibrated for color-accurate creative work.,ASUS ProArt PA278QV is designed for designers and editors needing reliable color accuracy and flexible ergonomics.,main,0,techware-api/imgs/p028/main.jpg,main.jpg,ASUS ASUS ProArt Display PA278QV official product photo 27-inch QHD monitor calibrated for color-accurate creative work. monitors cables,https://cdn.cs.1worldsync.com/16/17/1617cd17-1e25-45af-84ac-b35977001cb2.jpg,approved,Use official brand product page or press kit image URL.
29,SMS-ODYSSEY-G5-32,Samsung,Samsung Odyssey G5 32-inch,monitors|components,Curved QHD monitor with high refresh rate for immersive play.,Samsung Odyssey G5 provides a large curved panel and smooth refresh rate for gaming and media.,main,0,techware-api/imgs/p029/main.jpg,main.jpg,Samsung Samsung Odyssey G5 32-inch official product photo Curved QHD monitor with high refresh rate for immersive play. monitors components,https://image-us.samsung.com/SamsungUS/home/05242023/LC32G55TQWNXZA.jpg?$product-details-jpg$?$product-details-jpg$,approved,Use official brand product page or press kit image URL.
29,SMS-ODYSSEY-G5-32,Samsung,Samsung Odyssey G5 32-inch,monitors|components,Curved QHD monitor with high refresh rate for immersive play.,Samsung Odyssey G5 provides a large curved panel and smooth refresh rate for gaming and media.,gallery,1,techware-api/imgs/p029/g1.jpg,g1.jpg,Samsung Samsung Odyssey G5 32-inch official gallery photo Curved QHD monitor with high refresh rate for immersive play. monitors components,https://images.samsung.com/is/image/samsung/p6pim/us/lc34g55twwnxza/gallery/us-odyssey-g5-34g5-lc34g55twwnxza-550300158?$product-details-jpg$,approved,Use official brand product page or press kit image URL.
30,LOG-MX-KEYS-S,Logitech,Logitech MX Keys S,keyboards|tablets,Low-profile wireless keyboard for productivity across multiple devices.,"MX Keys S offers precise typing, smart backlighting, and easy switching between desktops and tablets.",main,0,techware-api/imgs/p030/main.jpg,main.jpg,Logitech Logitech MX Keys S official product photo Low-profile wireless keyboard for productivity across multiple devices. keyboards tablets,"https://m.media-amazon.com/images/I/61yqObwz32L._AC_UF1000,1000_QL80_.jpg",approved,Use official brand product page or press kit image URL.
31,KEY-K2PRO-RGB,Keychron,Keychron K2 Pro,keyboards|cables,Compact wireless mechanical keyboard with QMK/VIA customization.,Keychron K2 Pro is a versatile 75% keyboard with hot-swappable options and strong cross-platform support.,main,0,techware-api/imgs/p031/main.jpg,main.jpg,Keychron Keychron K2 Pro official product photo Compact wireless mechanical keyboard with QMK/VIA customization. keyboards cables,https://hivetec.mk/wp-content/uploads/2024/09/k2p-h2.jpg,approved,Use official brand product page or press kit image URL.
31,KEY-K2PRO-RGB,Keychron,Keychron K2 Pro,keyboards|cables,Compact wireless mechanical keyboard with QMK/VIA customization.,Keychron K2 Pro is a versatile 75% keyboard with hot-swappable options and strong cross-platform support.,gallery,1,techware-api/imgs/p031/g1.jpg,g1.jpg,Keychron Keychron K2 Pro official gallery photo Compact wireless mechanical keyboard with QMK/VIA customization. keyboards cables,https://i.ytimg.com/vi/ChdgOJa-PYQ/hq720.jpg?sqp=-oaymwEhCK4FEIIDSFryq4qpAxMIARUAAAAAGAElAADIQj0AgKJD&rs=AOn4CLApJPWtc35f54uV-WEsjf7f-ATDzw,approved,Use official brand product page or press kit image URL.
32,COR-K70-CORE,Corsair,Corsair K70 CORE,keyboards|components,Mechanical gaming keyboard with responsive switches and durable frame.,"Corsair K70 CORE offers reliable performance, customizable RGB, and robust build quality.",main,0,techware-api/imgs/p032/main.jpg,main.jpg,Corsair Corsair K70 CORE official product photo Mechanical gaming keyboard with responsive switches and durable frame. keyboards components,"https://m.media-amazon.com/images/I/81kMSyxh8+L._AC_UF894,1000_QL80_.jpg",approved,Use official brand product page or press kit image URL.
33,LOG-MXMASTER3S,Logitech,Logitech MX Master 3S,mice|tablets,Ergonomic wireless mouse with precision sensor and quiet clicks.,MX Master 3S is a premium productivity mouse designed for comfortable long sessions and multi-device workflows.,main,0,techware-api/imgs/p033/main.jpg,main.jpg,Logitech Logitech MX Master 3S official product photo Ergonomic wireless mouse with precision sensor and quiet clicks. mice tablets,https://rbtechngames.com/wp-content/uploads/2023/03/rbtech_logitech_mxmaster3sg_5.webp,approved,Use official brand product page or press kit image URL.
33,LOG-MXMASTER3S,Logitech,Logitech MX Master 3S,mice|tablets,Ergonomic wireless mouse with precision sensor and quiet clicks.,MX Master 3S is a premium productivity mouse designed for comfortable long sessions and multi-device workflows.,gallery,1,techware-api/imgs/p033/g1.jpg,g1.jpg,Logitech Logitech MX Master 3S official gallery photo Ergonomic wireless mouse with precision sensor and quiet clicks. mice tablets,https://www.mastecnologia.com.ar/images/productos/17101.png,approved,Use official brand product page or press kit image URL.
34,RAZ-DA-V3PRO,Razer,Razer DeathAdder V3 Pro,mice|charging,Ultra-light wireless esports mouse with Focus Pro optical sensor.,"DeathAdder V3 Pro is tuned for competitive gaming with low weight, excellent shape, and top-tier sensor performance.",main,0,techware-api/imgs/p034/main.jpg,main.jpg,Razer Razer DeathAdder V3 Pro official product photo Ultra-light wireless esports mouse with Focus Pro optical sensor. mice charging,"https://m.media-amazon.com/images/I/71wNhcQ-wQL._AC_UF894,1000_QL80_.jpg",approved,Use official brand product page or press kit image URL.
35,APL-MAGIC-MOUSE2,Apple,Apple Magic Mouse,mice|cables,Multi-touch wireless mouse with smooth gesture support for macOS.,Apple Magic Mouse provides gesture-based navigation and a minimalist design for Mac users.,main,0,techware-api/imgs/p035/main.jpg,main.jpg,Apple Apple Magic Mouse official product photo Multi-touch wireless mouse with smooth gesture support for macOS. mice cables,https://machollywood.com/cdn/shop/products/MLA02_1200x1200.jpeg?v=1566858411,approved,Use official brand product page or press kit image URL.
36,STS-RIVAL3-WL,SteelSeries,SteelSeries Rival 3 Wireless,mice|networking,Dual wireless gaming mouse with long battery life and responsive sensor.,"Rival 3 Wireless offers low-latency 2.4GHz mode, Bluetooth fallback, and excellent battery life.",main,0,techware-api/imgs/p036/main.jpg,main.jpg,SteelSeries SteelSeries Rival 3 Wireless official product photo Dual wireless gaming mouse with long battery life and responsive sensor. mice networking,https://m.media-amazon.com/images/I/61EcsZd+xFL._AC_SL1500_.jpg,approved,Use official brand product page or press kit image URL.
36,STS-RIVAL3-WL,SteelSeries,SteelSeries Rival 3 Wireless,mice|networking,Dual wireless gaming mouse with long battery life and responsive sensor.,"Rival 3 Wireless offers low-latency 2.4GHz mode, Bluetooth fallback, and excellent battery life.",gallery,1,techware-api/imgs/p036/g1.jpg,g1.jpg,SteelSeries SteelSeries Rival 3 Wireless official gallery photo Dual wireless gaming mouse with long battery life and responsive sensor. mice networking,"https://m.media-amazon.com/images/I/41bgs54v7CL._AC_UF894,1000_QL80_.jpg",approved,Use official brand product page or press kit image URL.
37,MSC-SURFACE-P10,Microsoft,Microsoft Surface Pro 10,tablets|laptops|storage,2-in-1 tablet-laptop with detachable keyboard and touchscreen display.,Surface Pro 10 combines tablet flexibility with laptop productivity in a lightweight premium design.,main,0,techware-api/imgs/p037/main.jpg,main.jpg,Microsoft Microsoft Surface Pro 10 official product photo 2-in-1 tablet-laptop with detachable keyboard and touchscreen display. tablets laptops storage,https://cdn-dynmedia-1.microsoft.com/is/image/microsoftcorp/SPZ2B-Platinum-BB-00,approved,Use official brand product page or press kit image URL.
38,APL-IPADMINI-A17,Apple,Apple iPad mini,tablets|networking|smart-home,Compact high-performance tablet with support for Apple Pencil.,"iPad mini offers powerful performance in a compact form factor for reading, notes, and portable productivity.",main,0,techware-api/imgs/p038/main.jpg,main.jpg,Apple Apple iPad mini official product photo Compact high-performance tablet with support for Apple Pencil. tablets networking smart-home,https://static.insales-cdn.com/r/OfDIj0OP9bc/rs:fit:700:700:1/plain/images/products/1/7650/924777954/3.webp@webp,approved,Use official brand product page or press kit image URL.
38,APL-IPADMINI-A17,Apple,Apple iPad mini,tablets|networking|smart-home,Compact high-performance tablet with support for Apple Pencil.,"iPad mini offers powerful performance in a compact form factor for reading, notes, and portable productivity.",gallery,1,techware-api/imgs/p038/g1.jpg,g1.jpg,Apple Apple iPad mini official gallery photo Compact high-performance tablet with support for Apple Pencil. tablets networking smart-home,https://www.apple.com/euro/ipad-mini/f/screens_alt/images/overview/hero/fan__cyid3h2vl0wi_large.jpg,approved,Use official brand product page or press kit image URL.
39,GGL-NESTWIFIPRO-3,Google,Google Nest Wifi Pro (3-Pack),networking|smart-home|charging,Tri-band Wi-Fi 6E mesh routers for stable whole-home coverage.,Google Nest Wifi Pro (3-Pack) provides reliable whole-home Wi-Fi 6E coverage with simple setup and management through the Google Home app.,main,0,techware-api/imgs/p039/main.jpg,main.jpg,Google Google Nest Wifi Pro (3-Pack) official product photo Tri-band Wi-Fi 6E mesh routers for stable whole-home coverage. networking smart-home charging,https://productimages.microcenter.com/662606_535690_04_package_zoom.jpg,approved,Use official brand product page or press kit image URL.
40,SON-NWA306-32,Sony,Sony NW-A306 Walkman,storage|audio,Portable hi-res music player with expandable storage and Android OS.,Sony NW-A306 is a compact high-resolution digital audio player for dedicated music listening with local storage and streaming support.,main,0,techware-api/imgs/p040/main.jpg,main.jpg,Sony Sony NW-A306 Walkman official product photo Portable hi-res music player with expandable storage and Android OS. storage audio,https://sony.scene7.com/is/image/sonyglobalsolutions/NW-A300_Primary_image_1200x1200?$S7Product$&fmt=png-alpha,approved,Use official brand product page or press kit image URL.
40,SON-NWA306-32,Sony,Sony NW-A306 Walkman,storage|audio,Portable hi-res music player with expandable storage and Android OS.,Sony NW-A306 is a compact high-resolution digital audio player for dedicated music listening with local storage and streaming support.,gallery,1,techware-api/imgs/p040/g1.jpg,g1.jpg,Sony Sony NW-A306 Walkman official gallery photo Portable hi-res music player with expandable storage and Android OS. storage audio,https://sony.scene7.com/is/image/sonyglobalsolutions/NW-A300_Intro1_M?$productIntroPlatemobile$,approved,Use official brand product page or press kit image URL.
